"dist_shape","dist_scale"
0.341128417492592,2560.09307106422
