"SImean","SIsd"
2.8027029275385,0.96621600458256
